{"cameraMode":{"drawMode":0,"name":"Shaded","section":"Shading Mode"},"sceneLighting":true,"audioPlay":false,"sceneViewState":{"showFog":true,"showMaterialUpdate":false,"showSkybox":true,"showFlares":true,"showImageEffects":true,"showParticleSystems":true},"in2DMode":false,"pivot":{"x":-4.507317543029785,"y":2.134932518005371,"z":0.4491223692893982},"rotation":{"x":0.20602506399154664,"y":-0.14905597269535066,"z":0.03177261725068092,"w":0.9666111469268799},"size":15.981348991394043,"orthographic":false}